aspect,volume,pct_total,avg_stars,neg_share
Performance/Overheating,49,16.17161716171617,4.836734693877551,4.081632653061225
Durability/Build,36,11.881188118811881,4.833333333333333,5.555555555555555
Camera,36,11.881188118811881,4.611111111111111,11.11111111111111
Battery,24,7.920792079207921,4.416666666666667,16.666666666666664
Display,18,5.9405940594059405,4.888888888888889,0.0
iOS/Software,17,5.6105610561056105,3.9411764705882355,29.411764705882355
Price/Value,17,5.6105610561056105,4.647058823529412,11.76470588235294
Weight/Ergonomics,16,5.2805280528052805,4.625,6.25
Charging/USB-C,2,0.6600660066006601,4.5,0.0
